<?xml version="1.0" encoding="utf-8" ?>
<!--
    rTexPacker XML atlas descriptor file (v1.0)
    Number of packed sprites:     95

    NOTE: This atlas contains a sprite font description
-->
<AtlasTexture imagePath='kurale.png' width='512' height='512' spriteCount='95' isFont='1' fontSize='72'>
    <Sprite nameId='Kurale-Regular' originX='0' originY='0' positionX='0' positionY='0' sourceSizeWidth='14' sourceSizeHeight='72' padding='4' trimmed='0' trimRecX='0' trimRecY='0' trimRecWidth='0' trimRecHeight='0' charValue='32' charOffsetX='0' charOffsetY='0' charAdvanceX='14' />
    <Sprite nameId='Kurale-Regular' originX='0' originY='0' positionX='22' positionY='0' sourceSizeWidth='7' sourceSizeHeight='72' padding='4' trimmed='0' trimRecX='0' trimRecY='19' trimRecWidth='7' trimRecHeight='35' charValue='33' charOffsetX='2' charOffsetY='0' charAdvanceX='11' />
    <Sprite nameId='Kurale-Regular' originX='0' originY='0' positionX='37' positionY='0' sourceSizeWidth='13' sourceSizeHeight='72' padding='4' trimmed='0' trimRecX='0' trimRecY='16' trimRecWidth='13' trimRecHeight='12' charValue='34' charOffsetX='1' charOffsetY='0' charAdvanceX='16' />
    <Sprite nameId='Kurale-Regular' originX='0' originY='0' positionX='58' positionY='0' sourceSizeWidth='27' sourceSizeHeight='72' padding='4' trimmed='0' trimRecX='0' trimRecY='21' trimRecWidth='27' trimRecHeight='32' charValue='35' charOffsetX='2' charOffsetY='0' charAdvanceX='33' />
    <Sprite nameId='Kurale-Regular' originX='0' originY='0' positionX='93' positionY='0' sourceSizeWidth='21' sourceSizeHeight='72' padding='4' trimmed='0' trimRecX='0' trimRecY='14' trimRecWidth='21' trimRecHeight='46' charValue='36' charOffsetX='2' charOffsetY='0' charAdvanceX='28' />
    <Sprite nameId='Kurale-Regular' originX='0' originY='0' positionX='122' positionY='0' sourceSizeWidth='41' sourceSizeHeight='72' padding='4' trimmed='0' trimRecX='0' trimRecY='21' trimRecWidth='41' trimRecHeight='33' charValue='37' charOffsetX='2' charOffsetY='0' charAdvanceX='49' />
    <Sprite nameId='Kurale-Regular' originX='0' originY='0' positionX='171' positionY='0' sourceSizeWidth='29' sourceSizeHeight='72' padding='4' trimmed='0' trimRecX='0' trimRecY='21' trimRecWidth='29' trimRecHeight='33' charValue='38' charOffsetX='1' charOffsetY='0' charAdvanceX='32' />
    <Sprite nameId='Kurale-Regular' originX='0' originY='0' positionX='208' positionY='0' sourceSizeWidth='6' sourceSizeHeight='72' padding='4' trimmed='0' trimRecX='0' trimRecY='16' trimRecWidth='6' trimRecHeight='12' charValue='39' charOffsetX='1' charOffsetY='0' charAdvanceX='8' />
    <Sprite nameId='Kurale-Regular' originX='0' originY='0' positionX='222' positionY='0' sourceSizeWidth='13' sourceSizeHeight='72' padding='4' trimmed='0' trimRecX='0' trimRecY='19' trimRecWidth='13' trimRecHeight='39' charValue='40' charOffsetX='2' charOffsetY='0' charAdvanceX='16' />
    <Sprite nameId='Kurale-Regular' originX='0' originY='0' positionX='243' positionY='0' sourceSizeWidth='12' sourceSizeHeight='72' padding='4' trimmed='0' trimRecX='0' trimRecY='19' trimRecWidth='12' trimRecHeight='39' charValue='41' charOffsetX='1' charOffsetY='0' charAdvanceX='16' />
    <Sprite nameId='Kurale-Regular' originX='0' originY='0' positionX='263' positionY='0' sourceSizeWidth='20' sourceSizeHeight='72' padding='4' trimmed='0' trimRecX='0' trimRecY='16' trimRecWidth='19' trimRecHeight='20' charValue='42' charOffsetX='3' charOffsetY='0' charAdvanceX='27' />
    <Sprite nameId='Kurale-Regular' originX='0' originY='0' positionX='291' positionY='0' sourceSizeWidth='19' sourceSizeHeight='72' padding='4' trimmed='0' trimRecX='0' trimRecY='28' trimRecWidth='19' trimRecHeight='19' charValue='43' charOffsetX='4' charOffsetY='0' charAdvanceX='29' />
    <Sprite nameId='Kurale-Regular' originX='0' originY='0' positionX='318' positionY='0' sourceSizeWidth='7' sourceSizeHeight='72' padding='4' trimmed='0' trimRecX='0' trimRecY='47' trimRecWidth='7' trimRecHeight='12' charValue='44' charOffsetX='0' charOffsetY='0' charAdvanceX='9' />
    <Sprite nameId='Kurale-Regular' originX='0' originY='0' positionX='333' positionY='0' sourceSizeWidth='14' sourceSizeHeight='72' padding='4' trimmed='0' trimRecX='0' trimRecY='38' trimRecWidth='14' trimRecHeight='4' charValue='45' charOffsetX='1' charOffsetY='0' charAdvanceX='17' />
    <Sprite nameId='Kurale-Regular' originX='0' originY='0' positionX='355' positionY='0' sourceSizeWidth='6' sourceSizeHeight='72' padding='4' trimmed='0' trimRecX='0' trimRecY='47' trimRecWidth='6' trimRecHeight='7' charValue='46' charOffsetX='1' charOffsetY='0' charAdvanceX='9' />
    <Sprite nameId='Kurale-Regular' originX='0' originY='0' positionX='369' positionY='0' sourceSizeWidth='17' sourceSizeHeight='72' padding='4' trimmed='0' trimRecX='0' trimRecY='18' trimRecWidth='17' trimRecHeight='38' charValue='47' charOffsetX='0' charOffsetY='0' charAdvanceX='17' />
    <Sprite nameId='Kurale-Regular' originX='0' originY='0' positionX='394' positionY='0' sourceSizeWidth='26' sourceSizeHeight='72' padding='4' trimmed='0' trimRecX='0' trimRecY='21' trimRecWidth='26' trimRecHeight='33' charValue='48' charOffsetX='2' charOffsetY='0' charAdvanceX='33' />
    <Sprite nameId='Kurale-Regular' originX='0' originY='0' positionX='428' positionY='0' sourceSizeWidth='16' sourceSizeHeight='72' padding='4' trimmed='0' trimRecX='0' trimRecY='20' trimRecWidth='16' trimRecHeight='33' charValue='49' charOffsetX='0' charOffsetY='0' charAdvanceX='20' />
    <Sprite nameId='Kurale-Regular' originX='0' originY='0' positionX='452' positionY='0' sourceSizeWidth='24' sourceSizeHeight='72' padding='4' trimmed='0' trimRecX='0' trimRecY='21' trimRecWidth='24' trimRecHeight='32' charValue='50' charOffsetX='1' charOffsetY='0' charAdvanceX='28' />
    <Sprite nameId='Kurale-Regular' originX='0' originY='0' positionX='0' positionY='80' sourceSizeWidth='22' sourceSizeHeight='72' padding='4' trimmed='0' trimRecX='0' trimRecY='21' trimRecWidth='22' trimRecHeight='33' charValue='51' charOffsetX='2' charOffsetY='0' charAdvanceX='28' />
    <Sprite nameId='Kurale-Regular' originX='0' originY='0' positionX='30' positionY='80' sourceSizeWidth='25' sourceSizeHeight='72' padding='4' trimmed='0' trimRecX='0' trimRecY='21' trimRecWidth='25' trimRecHeight='32' charValue='52' charOffsetX='1' charOffsetY='0' charAdvanceX='29' />
    <Sprite nameId='Kurale-Regular' originX='0' originY='0' positionX='63' positionY='80' sourceSizeWidth='22' sourceSizeHeight='72' padding='4' trimmed='0' trimRecX='0' trimRecY='21' trimRecWidth='22' trimRecHeight='33' charValue='53' charOffsetX='2' charOffsetY='0' charAdvanceX='28' />
    <Sprite nameId='Kurale-Regular' originX='0' originY='0' positionX='93' positionY='80' sourceSizeWidth='24' sourceSizeHeight='72' padding='4' trimmed='0' trimRecX='0' trimRecY='21' trimRecWidth='24' trimRecHeight='33' charValue='54' charOffsetX='2' charOffsetY='0' charAdvanceX='31' />
    <Sprite nameId='Kurale-Regular' originX='0' originY='0' positionX='125' positionY='80' sourceSizeWidth='22' sourceSizeHeight='72' padding='4' trimmed='0' trimRecX='0' trimRecY='21' trimRecWidth='22' trimRecHeight='32' charValue='55' charOffsetX='0' charOffsetY='0' charAdvanceX='23' />
    <Sprite nameId='Kurale-Regular' originX='0' originY='0' positionX='155' positionY='80' sourceSizeWidth='23' sourceSizeHeight='72' padding='4' trimmed='0' trimRecX='0' trimRecY='20' trimRecWidth='23' trimRecHeight='34' charValue='56' charOffsetX='2' charOffsetY='0' charAdvanceX='29' />
    <Sprite nameId='Kurale-Regular' originX='0' originY='0' positionX='186' positionY='80' sourceSizeWidth='23' sourceSizeHeight='72' padding='4' trimmed='0' trimRecX='0' trimRecY='21' trimRecWidth='23' trimRecHeight='33' charValue='57' charOffsetX='3' charOffsetY='0' charAdvanceX='31' />
    <Sprite nameId='Kurale-Regular' originX='0' originY='0' positionX='217' positionY='80' sourceSizeWidth='6' sourceSizeHeight='72' padding='4' trimmed='0' trimRecX='0' trimRecY='32' trimRecWidth='6' trimRecHeight='22' charValue='58' charOffsetX='1' charOffsetY='0' charAdvanceX='9' />
    <Sprite nameId='Kurale-Regular' originX='0' originY='0' positionX='231' positionY='80' sourceSizeWidth='7' sourceSizeHeight='72' padding='4' trimmed='0' trimRecX='0' trimRecY='32' trimRecWidth='7' trimRecHeight='27' charValue='59' charOffsetX='0' charOffsetY='0' charAdvanceX='9' />
    <Sprite nameId='Kurale-Regular' originX='0' originY='0' positionX='246' positionY='80' sourceSizeWidth='19' sourceSizeHeight='72' padding='4' trimmed='0' trimRecX='0' trimRecY='28' trimRecWidth='19' trimRecHeight='19' charValue='60' charOffsetX='4' charOffsetY='0' charAdvanceX='29' />
    <Sprite nameId='Kurale-Regular' originX='0' originY='0' positionX='273' positionY='80' sourceSizeWidth='19' sourceSizeHeight='72' padding='4' trimmed='0' trimRecX='0' trimRecY='31' trimRecWidth='19' trimRecHeight='13' charValue='61' charOffsetX='4' charOffsetY='0' charAdvanceX='29' />
    <Sprite nameId='Kurale-Regular' originX='0' originY='0' positionX='300' positionY='80' sourceSizeWidth='19' sourceSizeHeight='72' padding='4' trimmed='0' trimRecX='0' trimRecY='28' trimRecWidth='19' trimRecHeight='19' charValue='62' charOffsetX='4' charOffsetY='0' charAdvanceX='29' />
    <Sprite nameId='Kurale-Regular' originX='0' originY='0' positionX='327' positionY='80' sourceSizeWidth='19' sourceSizeHeight='72' padding='4' trimmed='0' trimRecX='0' trimRecY='19' trimRecWidth='19' trimRecHeight='35' charValue='63' charOffsetX='2' charOffsetY='0' charAdvanceX='25' />
    <Sprite nameId='Kurale-Regular' originX='0' originY='0' positionX='354' positionY='80' sourceSizeWidth='35' sourceSizeHeight='72' padding='4' trimmed='0' trimRecX='0' trimRecY='23' trimRecWidth='35' trimRecHeight='35' charValue='64' charOffsetX='2' charOffsetY='0' charAdvanceX='43' />
    <Sprite nameId='Kurale-Regular' originX='0' originY='0' positionX='397' positionY='80' sourceSizeWidth='32' sourceSizeHeight='72' padding='4' trimmed='0' trimRecX='0' trimRecY='21' trimRecWidth='32' trimRecHeight='32' charValue='65' charOffsetX='-1' charOffsetY='0' charAdvanceX='30' />
    <Sprite nameId='Kurale-Regular' originX='0' originY='0' positionX='437' positionY='80' sourceSizeWidth='26' sourceSizeHeight='72' padding='4' trimmed='0' trimRecX='0' trimRecY='20' trimRecWidth='26' trimRecHeight='33' charValue='66' charOffsetX='1' charOffsetY='0' charAdvanceX='28' />
    <Sprite nameId='Kurale-Regular' originX='0' originY='0' positionX='471' positionY='80' sourceSizeWidth='25' sourceSizeHeight='72' padding='4' trimmed='0' trimRecX='0' trimRecY='20' trimRecWidth='25' trimRecHeight='34' charValue='67' charOffsetX='1' charOffsetY='0' charAdvanceX='26' />
    <Sprite nameId='Kurale-Regular' originX='0' originY='0' positionX='0' positionY='160' sourceSizeWidth='30' sourceSizeHeight='72' padding='4' trimmed='0' trimRecX='0' trimRecY='20' trimRecWidth='30' trimRecHeight='33' charValue='68' charOffsetX='1' charOffsetY='0' charAdvanceX='32' />
    <Sprite nameId='Kurale-Regular' originX='0' originY='0' positionX='38' positionY='160' sourceSizeWidth='23' sourceSizeHeight='72' padding='4' trimmed='0' trimRecX='0' trimRecY='20' trimRecWidth='23' trimRecHeight='35' charValue='69' charOffsetX='1' charOffsetY='0' charAdvanceX='26' />
    <Sprite nameId='Kurale-Regular' originX='0' originY='0' positionX='69' positionY='160' sourceSizeWidth='21' sourceSizeHeight='72' padding='4' trimmed='0' trimRecX='0' trimRecY='20' trimRecWidth='21' trimRecHeight='33' charValue='70' charOffsetX='1' charOffsetY='0' charAdvanceX='23' />
    <Sprite nameId='Kurale-Regular' originX='0' originY='0' positionX='98' positionY='160' sourceSizeWidth='29' sourceSizeHeight='72' padding='4' trimmed='0' trimRecX='0' trimRecY='21' trimRecWidth='29' trimRecHeight='45' charValue='71' charOffsetX='1' charOffsetY='0' charAdvanceX='30' />
    <Sprite nameId='Kurale-Regular' originX='0' originY='0' positionX='135' positionY='160' sourceSizeWidth='32' sourceSizeHeight='72' padding='4' trimmed='0' trimRecX='0' trimRecY='21' trimRecWidth='32' trimRecHeight='32' charValue='72' charOffsetX='1' charOffsetY='0' charAdvanceX='34' />
    <Sprite nameId='Kurale-Regular' originX='0' originY='0' positionX='175' positionY='160' sourceSizeWidth='13' sourceSizeHeight='72' padding='4' trimmed='0' trimRecX='0' trimRecY='21' trimRecWidth='13' trimRecHeight='32' charValue='73' charOffsetX='1' charOffsetY='0' charAdvanceX='15' />
    <Sprite nameId='Kurale-Regular' originX='0' originY='0' positionX='196' positionY='160' sourceSizeWidth='20' sourceSizeHeight='72' padding='4' trimmed='0' trimRecX='0' trimRecY='21' trimRecWidth='20' trimRecHeight='33' charValue='74' charOffsetX='-1' charOffsetY='0' charAdvanceX='20' />
    <Sprite nameId='Kurale-Regular' originX='0' originY='0' positionX='224' positionY='160' sourceSizeWidth='28' sourceSizeHeight='72' padding='4' trimmed='0' trimRecX='0' trimRecY='21' trimRecWidth='28' trimRecHeight='33' charValue='75' charOffsetX='1' charOffsetY='0' charAdvanceX='29' />
    <Sprite nameId='Kurale-Regular' originX='0' originY='0' positionX='260' positionY='160' sourceSizeWidth='23' sourceSizeHeight='72' padding='4' trimmed='0' trimRecX='0' trimRecY='21' trimRecWidth='23' trimRecHeight='34' charValue='76' charOffsetX='1' charOffsetY='0' charAdvanceX='24' />
    <Sprite nameId='Kurale-Regular' originX='0' originY='0' positionX='291' positionY='160' sourceSizeWidth='39' sourceSizeHeight='72' padding='4' trimmed='0' trimRecX='0' trimRecY='21' trimRecWidth='39' trimRecHeight='32' charValue='77' charOffsetX='0' charOffsetY='0' charAdvanceX='40' />
    <Sprite nameId='Kurale-Regular' originX='0' originY='0' positionX='338' positionY='160' sourceSizeWidth='31' sourceSizeHeight='72' padding='4' trimmed='0' trimRecX='0' trimRecY='21' trimRecWidth='31' trimRecHeight='32' charValue='78' charOffsetX='1' charOffsetY='0' charAdvanceX='34' />
    <Sprite nameId='Kurale-Regular' originX='0' originY='0' positionX='377' positionY='160' sourceSizeWidth='30' sourceSizeHeight='72' padding='4' trimmed='0' trimRecX='0' trimRecY='21' trimRecWidth='30' trimRecHeight='33' charValue='79' charOffsetX='1' charOffsetY='0' charAdvanceX='32' />
    <Sprite nameId='Kurale-Regular' originX='0' originY='0' positionX='415' positionY='160' sourceSizeWidth='25' sourceSizeHeight='72' padding='4' trimmed='0' trimRecX='0' trimRecY='20' trimRecWidth='25' trimRecHeight='33' charValue='80' charOffsetX='1' charOffsetY='0' charAdvanceX='26' />
    <Sprite nameId='Kurale-Regular' originX='0' originY='0' positionX='448' positionY='160' sourceSizeWidth='34' sourceSizeHeight='72' padding='4' trimmed='0' trimRecX='0' trimRecY='21' trimRecWidth='34' trimRecHeight='42' charValue='81' charOffsetX='1' charOffsetY='0' charAdvanceX='32' />
    <Sprite nameId='Kurale-Regular' originX='0' originY='0' positionX='0' positionY='240' sourceSizeWidth='28' sourceSizeHeight='72' padding='4' trimmed='0' trimRecX='0' trimRecY='20' trimRecWidth='28' trimRecHeight='34' charValue='82' charOffsetX='0' charOffsetY='0' charAdvanceX='27' />
    <Sprite nameId='Kurale-Regular' originX='0' originY='0' positionX='36' positionY='240' sourceSizeWidth='22' sourceSizeHeight='72' padding='4' trimmed='0' trimRecX='0' trimRecY='21' trimRecWidth='22' trimRecHeight='33' charValue='83' charOffsetX='1' charOffsetY='0' charAdvanceX='24' />
    <Sprite nameId='Kurale-Regular' originX='0' originY='0' positionX='66' positionY='240' sourceSizeWidth='26' sourceSizeHeight='72' padding='4' trimmed='0' trimRecX='0' trimRecY='20' trimRecWidth='26' trimRecHeight='33' charValue='84' charOffsetX='0' charOffsetY='0' charAdvanceX='26' />
    <Sprite nameId='Kurale-Regular' originX='0' originY='0' positionX='100' positionY='240' sourceSizeWidth='31' sourceSizeHeight='72' padding='4' trimmed='0' trimRecX='1' trimRecY='21' trimRecWidth='30' trimRecHeight='33' charValue='85' charOffsetX='0' charOffsetY='0' charAdvanceX='32' />
    <Sprite nameId='Kurale-Regular' originX='0' originY='0' positionX='139' positionY='240' sourceSizeWidth='30' sourceSizeHeight='72' padding='4' trimmed='0' trimRecX='0' trimRecY='21' trimRecWidth='30' trimRecHeight='32' charValue='86' charOffsetX='0' charOffsetY='0' charAdvanceX='29' />
    <Sprite nameId='Kurale-Regular' originX='0' originY='0' positionX='177' positionY='240' sourceSizeWidth='47' sourceSizeHeight='72' padding='4' trimmed='0' trimRecX='0' trimRecY='21' trimRecWidth='47' trimRecHeight='32' charValue='87' charOffsetX='0' charOffsetY='0' charAdvanceX='47' />
    <Sprite nameId='Kurale-Regular' originX='0' originY='0' positionX='232' positionY='240' sourceSizeWidth='30' sourceSizeHeight='72' padding='4' trimmed='0' trimRecX='0' trimRecY='21' trimRecWidth='30' trimRecHeight='32' charValue='88' charOffsetX='0' charOffsetY='0' charAdvanceX='29' />
    <Sprite nameId='Kurale-Regular' originX='0' originY='0' positionX='270' positionY='240' sourceSizeWidth='27' sourceSizeHeight='72' padding='4' trimmed='0' trimRecX='0' trimRecY='21' trimRecWidth='27' trimRecHeight='32' charValue='89' charOffsetX='0' charOffsetY='0' charAdvanceX='27' />
    <Sprite nameId='Kurale-Regular' originX='0' originY='0' positionX='305' positionY='240' sourceSizeWidth='25' sourceSizeHeight='72' padding='4' trimmed='0' trimRecX='0' trimRecY='20' trimRecWidth='25' trimRecHeight='35' charValue='90' charOffsetX='0' charOffsetY='0' charAdvanceX='25' />
    <Sprite nameId='Kurale-Regular' originX='0' originY='0' positionX='338' positionY='240' sourceSizeWidth='11' sourceSizeHeight='72' padding='4' trimmed='0' trimRecX='0' trimRecY='19' trimRecWidth='11' trimRecHeight='39' charValue='91' charOffsetX='5' charOffsetY='0' charAdvanceX='18' />
    <Sprite nameId='Kurale-Regular' originX='0' originY='0' positionX='357' positionY='240' sourceSizeWidth='17' sourceSizeHeight='72' padding='4' trimmed='0' trimRecX='0' trimRecY='18' trimRecWidth='17' trimRecHeight='38' charValue='92' charOffsetX='0' charOffsetY='0' charAdvanceX='17' />
    <Sprite nameId='Kurale-Regular' originX='0' originY='0' positionX='382' positionY='240' sourceSizeWidth='11' sourceSizeHeight='72' padding='4' trimmed='0' trimRecX='0' trimRecY='19' trimRecWidth='11' trimRecHeight='39' charValue='93' charOffsetX='1' charOffsetY='0' charAdvanceX='18' />
    <Sprite nameId='Kurale-Regular' originX='0' originY='0' positionX='401' positionY='240' sourceSizeWidth='19' sourceSizeHeight='72' padding='4' trimmed='0' trimRecX='0' trimRecY='21' trimRecWidth='19' trimRecHeight='15' charValue='94' charOffsetX='4' charOffsetY='0' charAdvanceX='29' />
    <Sprite nameId='Kurale-Regular' originX='0' originY='0' positionX='428' positionY='240' sourceSizeWidth='19' sourceSizeHeight='72' padding='4' trimmed='0' trimRecX='0' trimRecY='53' trimRecWidth='19' trimRecHeight='4' charValue='95' charOffsetX='-2' charOffsetY='0' charAdvanceX='17' />
    <Sprite nameId='Kurale-Regular' originX='0' originY='0' positionX='455' positionY='240' sourceSizeWidth='10' sourceSizeHeight='72' padding='4' trimmed='0' trimRecX='0' trimRecY='19' trimRecWidth='9' trimRecHeight='10' charValue='96' charOffsetX='2' charOffsetY='0' charAdvanceX='13' />
    <Sprite nameId='Kurale-Regular' originX='0' originY='0' positionX='473' positionY='240' sourceSizeWidth='25' sourceSizeHeight='72' padding='4' trimmed='0' trimRecX='0' trimRecY='30' trimRecWidth='25' trimRecHeight='24' charValue='97' charOffsetX='1' charOffsetY='0' charAdvanceX='26' />
    <Sprite nameId='Kurale-Regular' originX='0' originY='0' positionX='0' positionY='320' sourceSizeWidth='23' sourceSizeHeight='72' padding='4' trimmed='0' trimRecX='0' trimRecY='18' trimRecWidth='23' trimRecHeight='36' charValue='98' charOffsetX='1' charOffsetY='0' charAdvanceX='25' />
    <Sprite nameId='Kurale-Regular' originX='0' originY='0' positionX='31' positionY='320' sourceSizeWidth='20' sourceSizeHeight='72' padding='4' trimmed='0' trimRecX='0' trimRecY='30' trimRecWidth='20' trimRecHeight='24' charValue='99' charOffsetX='1' charOffsetY='0' charAdvanceX='22' />
    <Sprite nameId='Kurale-Regular' originX='0' originY='0' positionX='59' positionY='320' sourceSizeWidth='25' sourceSizeHeight='72' padding='4' trimmed='0' trimRecX='0' trimRecY='18' trimRecWidth='25' trimRecHeight='36' charValue='100' charOffsetX='1' charOffsetY='0' charAdvanceX='26' />
    <Sprite nameId='Kurale-Regular' originX='0' originY='0' positionX='92' positionY='320' sourceSizeWidth='22' sourceSizeHeight='72' padding='4' trimmed='0' trimRecX='0' trimRecY='30' trimRecWidth='20' trimRecHeight='24' charValue='101' charOffsetX='1' charOffsetY='0' charAdvanceX='23' />
    <Sprite nameId='Kurale-Regular' originX='0' originY='0' positionX='120' positionY='320' sourceSizeWidth='25' sourceSizeHeight='72' padding='4' trimmed='0' trimRecX='0' trimRecY='18' trimRecWidth='25' trimRecHeight='46' charValue='102' charOffsetX='-5' charOffsetY='0' charAdvanceX='14' />
    <Sprite nameId='Kurale-Regular' originX='0' originY='0' positionX='153' positionY='320' sourceSizeWidth='22' sourceSizeHeight='72' padding='4' trimmed='0' trimRecX='0' trimRecY='30' trimRecWidth='22' trimRecHeight='36' charValue='103' charOffsetX='2' charOffsetY='0' charAdvanceX='26' />
    <Sprite nameId='Kurale-Regular' originX='0' originY='0' positionX='183' positionY='320' sourceSizeWidth='27' sourceSizeHeight='72' padding='4' trimmed='0' trimRecX='0' trimRecY='18' trimRecWidth='27' trimRecHeight='36' charValue='104' charOffsetX='1' charOffsetY='0' charAdvanceX='27' />
    <Sprite nameId='Kurale-Regular' originX='0' originY='0' positionX='218' positionY='320' sourceSizeWidth='13' sourceSizeHeight='72' padding='4' trimmed='0' trimRecX='0' trimRecY='21' trimRecWidth='12' trimRecHeight='33' charValue='105' charOffsetX='1' charOffsetY='0' charAdvanceX='13' />
    <Sprite nameId='Kurale-Regular' originX='0' originY='0' positionX='239' positionY='320' sourceSizeWidth='15' sourceSizeHeight='72' padding='4' trimmed='0' trimRecX='0' trimRecY='21' trimRecWidth='15' trimRecHeight='45' charValue='106' charOffsetX='-5' charOffsetY='0' charAdvanceX='12' />
    <Sprite nameId='Kurale-Regular' originX='0' originY='0' positionX='262' positionY='320' sourceSizeWidth='24' sourceSizeHeight='72' padding='4' trimmed='0' trimRecX='0' trimRecY='18' trimRecWidth='24' trimRecHeight='36' charValue='107' charOffsetX='1' charOffsetY='0' charAdvanceX='25' />
    <Sprite nameId='Kurale-Regular' originX='0' originY='0' positionX='294' positionY='320' sourceSizeWidth='12' sourceSizeHeight='72' padding='4' trimmed='0' trimRecX='0' trimRecY='18' trimRecWidth='12' trimRecHeight='36' charValue='108' charOffsetX='1' charOffsetY='0' charAdvanceX='13' />
    <Sprite nameId='Kurale-Regular' originX='0' originY='0' positionX='314' positionY='320' sourceSizeWidth='40' sourceSizeHeight='72' padding='4' trimmed='0' trimRecX='0' trimRecY='30' trimRecWidth='40' trimRecHeight='24' charValue='109' charOffsetX='1' charOffsetY='0' charAdvanceX='41' />
    <Sprite nameId='Kurale-Regular' originX='0' originY='0' positionX='362' positionY='320' sourceSizeWidth='27' sourceSizeHeight='72' padding='4' trimmed='0' trimRecX='0' trimRecY='30' trimRecWidth='27' trimRecHeight='24' charValue='110' charOffsetX='1' charOffsetY='0' charAdvanceX='28' />
    <Sprite nameId='Kurale-Regular' originX='0' originY='0' positionX='397' positionY='320' sourceSizeWidth='23' sourceSizeHeight='72' padding='4' trimmed='0' trimRecX='0' trimRecY='30' trimRecWidth='23' trimRecHeight='24' charValue='111' charOffsetX='1' charOffsetY='0' charAdvanceX='25' />
    <Sprite nameId='Kurale-Regular' originX='0' originY='0' positionX='428' positionY='320' sourceSizeWidth='24' sourceSizeHeight='72' padding='4' trimmed='0' trimRecX='0' trimRecY='30' trimRecWidth='24' trimRecHeight='35' charValue='112' charOffsetX='1' charOffsetY='0' charAdvanceX='26' />
    <Sprite nameId='Kurale-Regular' originX='0' originY='0' positionX='460' positionY='320' sourceSizeWidth='23' sourceSizeHeight='72' padding='4' trimmed='0' trimRecX='0' trimRecY='30' trimRecWidth='22' trimRecHeight='35' charValue='113' charOffsetX='1' charOffsetY='0' charAdvanceX='25' />
    <Sprite nameId='Kurale-Regular' originX='0' originY='0' positionX='0' positionY='400' sourceSizeWidth='19' sourceSizeHeight='72' padding='4' trimmed='0' trimRecX='0' trimRecY='30' trimRecWidth='19' trimRecHeight='23' charValue='114' charOffsetX='1' charOffsetY='0' charAdvanceX='19' />
    <Sprite nameId='Kurale-Regular' originX='0' originY='0' positionX='27' positionY='400' sourceSizeWidth='19' sourceSizeHeight='72' padding='4' trimmed='0' trimRecX='0' trimRecY='30' trimRecWidth='17' trimRecHeight='24' charValue='115' charOffsetX='2' charOffsetY='0' charAdvanceX='21' />
    <Sprite nameId='Kurale-Regular' originX='0' originY='0' positionX='52' positionY='400' sourceSizeWidth='15' sourceSizeHeight='72' padding='4' trimmed='0' trimRecX='0' trimRecY='25' trimRecWidth='14' trimRecHeight='29' charValue='116' charOffsetX='0' charOffsetY='0' charAdvanceX='14' />
    <Sprite nameId='Kurale-Regular' originX='0' originY='0' positionX='75' positionY='400' sourceSizeWidth='26' sourceSizeHeight='72' padding='4' trimmed='0' trimRecX='0' trimRecY='30' trimRecWidth='26' trimRecHeight='24' charValue='117' charOffsetX='1' charOffsetY='0' charAdvanceX='27' />
    <Sprite nameId='Kurale-Regular' originX='0' originY='0' positionX='109' positionY='400' sourceSizeWidth='22' sourceSizeHeight='72' padding='4' trimmed='0' trimRecX='0' trimRecY='30' trimRecWidth='22' trimRecHeight='24' charValue='118' charOffsetX='0' charOffsetY='0' charAdvanceX='24' />
    <Sprite nameId='Kurale-Regular' originX='0' originY='0' positionX='139' positionY='400' sourceSizeWidth='33' sourceSizeHeight='72' padding='4' trimmed='0' trimRecX='0' trimRecY='30' trimRecWidth='33' trimRecHeight='24' charValue='119' charOffsetX='0' charOffsetY='0' charAdvanceX='35' />
    <Sprite nameId='Kurale-Regular' originX='0' originY='0' positionX='180' positionY='400' sourceSizeWidth='24' sourceSizeHeight='72' padding='4' trimmed='0' trimRecX='0' trimRecY='30' trimRecWidth='24' trimRecHeight='24' charValue='120' charOffsetX='0' charOffsetY='0' charAdvanceX='24' />
    <Sprite nameId='Kurale-Regular' originX='0' originY='0' positionX='212' positionY='400' sourceSizeWidth='22' sourceSizeHeight='72' padding='4' trimmed='0' trimRecX='0' trimRecY='30' trimRecWidth='22' trimRecHeight='36' charValue='121' charOffsetX='1' charOffsetY='0' charAdvanceX='26' />
    <Sprite nameId='Kurale-Regular' originX='0' originY='0' positionX='242' positionY='400' sourceSizeWidth='19' sourceSizeHeight='72' padding='4' trimmed='0' trimRecX='0' trimRecY='30' trimRecWidth='19' trimRecHeight='24' charValue='122' charOffsetX='1' charOffsetY='0' charAdvanceX='20' />
    <Sprite nameId='Kurale-Regular' originX='0' originY='0' positionX='269' positionY='400' sourceSizeWidth='13' sourceSizeHeight='72' padding='4' trimmed='0' trimRecX='0' trimRecY='19' trimRecWidth='13' trimRecHeight='39' charValue='123' charOffsetX='0' charOffsetY='0' charAdvanceX='15' />
    <Sprite nameId='Kurale-Regular' originX='0' originY='0' positionX='290' positionY='400' sourceSizeWidth='5' sourceSizeHeight='72' padding='4' trimmed='0' trimRecX='0' trimRecY='20' trimRecWidth='5' trimRecHeight='37' charValue='124' charOffsetX='5' charOffsetY='0' charAdvanceX='16' />
    <Sprite nameId='Kurale-Regular' originX='0' originY='0' positionX='303' positionY='400' sourceSizeWidth='13' sourceSizeHeight='72' padding='4' trimmed='0' trimRecX='0' trimRecY='19' trimRecWidth='13' trimRecHeight='39' charValue='125' charOffsetX='1' charOffsetY='0' charAdvanceX='15' />
    <Sprite nameId='Kurale-Regular' originX='0' originY='0' positionX='324' positionY='400' sourceSizeWidth='19' sourceSizeHeight='72' padding='4' trimmed='0' trimRecX='0' trimRecY='34' trimRecWidth='19' trimRecHeight='7' charValue='126' charOffsetX='4' charOffsetY='0' charAdvanceX='29' />
</AtlasTexture>
